Context,Original,Translation,Comments
# encoding UTF-8
# __init__.py
*,anmファイル置き場,.anm 默认路径,
*,設定すれば、anmを扱う時は必ずここからファイル選択を始めます,如果已设置，文件选择器将默认在此路径下打开,
*,anmエクスポート時のデフォルトパス,.anm 默认导出路径,
*,anmエクスポート時に最初はここが表示されます、エクスポート毎に保存されます,导出 .anm 文件时，文件选择器将默认在此路径下打开,
*,anmインポート時のデフォルトパス,.anm 默认导入路径,
*,anmインポート時に最初はここが表示されます、インポート毎に保存されます,导入 .anm 文件时，文件选择器将默认在此路径下打开,
*,バックアップの拡張子 (空欄で無効),备份扩展名（不能为空）,
*,エクスポート時にバックアップを作成時この拡張子で複製します、空欄でバックアップを無効,导出时如果创建备份，将使用此扩展名进行复制；留空则禁用备份,
*,Display Type,显示类型,
*,Octahedral,八面锥,
*,Display bones as octahedral shape (default).,以八面锥样式显示骨骼（默认）,
*,Stick,棍形,
*,Display bones as simple 2D lines with dots.,以带点的 2D 简明线条样式显示骨骼,
*,B-Bone,柔性骨骼,
*,"Display bones as boxes, showing subdivision and B-Splines.","以方条样式显示骨骼, 显示插值样条的细分效果",
*,Envelope,封套,
*,"Display bones as extruded spheres, showing deformation influence volume.","以球状挤出样式显示骨骼, 可显示形变的影响量",
*,Wire,线框,
*,"Display bones as thin wires, showing subdivision and B-Splines.","以细线样式显示骨骼, 可显示插值样条的细分效果",
*,CM3D2インストールフォルダ,CM3D2 路径,
*,変更している場合は設定しておくと役立つかもしれません,如果你使用了不同的目录，应在此设置正确的目录,
*,CM3D2用法線のブレンド率,CM3D2 法线混合率,
*,texファイル置き場,Tex 文件搜索路径,
*,texファイルを探す時はここから探します,在此搜索 tex 文件,
*,モディファイアを適用,应用修改器,
*,基本的にボーン名/ウェイト名をBlender用に変換,将骨骼名/权重名转换为 Blender 格式,
*,modelインポート時にボーン名/ウェイト名を変換するかどうかのオプションのデフォルトを設定します,设置导入 model 时是默认将骨骼名/权重名转换为 Blender 格式,
*,基本的にtexファイルを探す,搜索 Tex 文件,
*,texファイルを探すかどうかのオプションのデフォルト値を設定します,设置“搜索 tex 文件”选项的默认值,
*,mateファイル置き場,.mate 默认路径,
*,設定すれば、mateを扱う時は必ずここからファイル選択を始めます,如果已设置，.mate 文件选择器将默认在此路径下打开,
*,mateエクスポート時のデフォルトパス,.mate 默认导出路径,
*,mateエクスポート時に最初はここが表示されます、エクスポート毎に保存されます,导出 .mate 文件时，文件选择器将默认在此路径下打开,
*,mateインポート時のデフォルトパス,.mate 默认导入路径,
*,mateインポート時に最初はここが表示されます、インポート毎に保存されます,导入 .mate 文件时，文件选择器将默认在此路径下打开,
*,同じ設定値が2つ以上ある場合削除,如果有两个或以上相同的值则删除,
*,_ShadowColor など,_ShadowColor 等,
*,.menu Default Path,.menu 默认路径,
*,If set. The file selection will open here.,如果已设置，文件选择器将默认在此路径下打开,
*,.menu Default Export Path,.menu 默认导出路径,
*,When exporting a .menu file. The file selection prompt will begin here.,导出 .menu 文件时，文件选择器将默认在此路径下打开,
*,.menu Default Import Path,.menu 默认导入路径,
*,When importing a .menu file. The file selection prompt will begin here.,导入 .menu 文件时，文件选择器将默认在此路径下打开,
*,modelファイル置き場,模型默认路径,
*,設定すれば、modelを扱う時は必ずここからファイル選択を始めます,如果已设置，.model 文件选择器将在此处打开,
*,modelエクスポート時のデフォルトパス,模型默认导出路径,
*,modelエクスポート時に最初はここが表示されます、エクスポート毎に保存されます,导出 .model 文件时，文件选择器将默认在此路径下打开,
*,modelインポート時のデフォルトパス,模型默认导入路径,
*,modelインポート時に最初はここが表示されます、インポート毎に保存されます,导入 .model 文件时，文件选择器将默认在此路径下打开,
*,_Color,_Color,
*,_Cutoff,_Cutoff,
*,_Cutout,_Cutout,
*,_HiPow,_HiPow,
*,_HiRate,_HiRate,
*,_OutlineToonRamp 名前,_OutlineToonRamp 名称,
*,_OutlineToonRamp パス,_OutlineToonRamp 路径,
*,_OutlineColor,_OutlineColor,
*,_OutlineWidth,_OutlineWidth,
*,_RimColor,_RimColor,
*,_RimPower,_RimPower,
*,_RimShift,_RimShift,
*,_ShadowColor,_ShadowColor,
*,_ShadowRateToon 名前,_ShadowRateToon 名称,
*,_ShadowRateToon パス,_ShadowRateToon 路径,
*,_Shininess,_Shininess,
*,テクスチャのオフセット,纹理偏移,
*,テクスチャのスケール,纹理缩放,
*,_ToonRamp 名前,_ToonRamp 名称,
*,_ToonRamp パス,_ToonRamp 路径,
*,_ZTest,_ZTest,
*,_ZTest2,_ZTest2,
*,_ZTest2Alpha,_ZTest2Alpha,
*,Blenderでモデルを扱うときの拡大率,模型导入和导出时使用的缩放比例,
*,Show Bone Axes,显示骨骼轴,
*,Display bone axes,显示骨骼轴线,
*,Show Bone Shapes,显示骨骼形状,
*,Display bones with their custom shapes,显示骨骼为其自定义形状,
*,Show Bone Group Colors,显示骨骼组颜色,
*,Display bone group colors,显示骨骼组颜色,
*,Make the object draw in front of others,让对象绘制在其他对象前方,
*,Show Bone Names,显示骨骼名称,
*,Display bone names,显示骨骼名称,
*,無変更シェイプキーをスキップ,跳过未变化的形态键,
*,ベースと同じシェイプキーを出力しない,与基础形态键相同的形态键将不会被导出,
*,設定すれば、texを扱う時は必ずここからファイル選択を始めます,如果已设置，处理 .tex 时文件选择器将默认在此路径下打开,
*,texエクスポート時のデフォルトパス,.tex 默认导出路径,
*,texエクスポート時に最初はここが表示されます、エクスポート毎に保存されます,导出 .tex 文件时，文件选择器将默认在此路径下打开,
*,texインポート時のデフォルトパス,.tex 默认导入路径,
*,texインポート時に最初はここが表示されます、インポート毎に保存されます,导入 .tex 文件时，文件选择器将默认在此路径下打开,
# anm_export.py
*,カスタムメイド3D2のanmファイルを保存します,保存 CM3D2 的 .anm 文件,
*,ボーン親情報の参照先,骨骼父级信息的参照来源,
*,Export Method,导出方法,
*,Bake All Frames,烘焙所有帧,
*,"Export every frame as a keyframe (legacy behavior, large file sizes)",将每一帧导出为关键帧（旧版行为，文件较大）,
*,Only Export Keyframes,仅导出关键帧,
*,Only export keyframes and their tangents (for more advance users),仅导出关键帧及其切线（适合高级用户）,
*,From Anm Text JSON,从 Anm 文本文件的 JSON 读取,
*,Export data from the JSON in the 'AnmData' text file,"从 ""AnmData"" 文本文件的 JSON 导出数据",
*,最終フレーム,最后一帧,
*,開始フレーム,起始帧,
*,同じ変形のキーフレームを掃除,清理关键帧,
*,親も子も存在しない,移除游离骨骼（无父级子级）,
*,名前がIK/Nubっぽい,移除 IK 骨骼,
*,名前に日本語が含まれる,移除骨骼中的日文字符,
*,名前が連番付き,移除重复编号,
*,Remove Unkeyed Bones,移除未设关键帧的骨骼,
*,キーフレーム間の変形をスムーズに,平滑过渡,
*,Use Visual Transforms,使用可视变换,
*,キーフレーム数,关键帧数量,
*,再生速度,播放速度,
*,除外するボーン,要排除的骨骼,
*,輸出アニメーション情報,要导出的动画数据,
*,Creating missing FCurve for {path}[{index}],正在为 {path}[{index}] 创建缺失的 FCurve,
*,Creating missing keyframe @ frame {frame} for {path}[{index}],正在为 {path}[{index}] 在第 {frame} 帧创建缺失的关键帧,
# anm_import.py
*,カスタムメイド3D2のanmファイルを読み込みます,加载 CM3D2 的 .anm 文件,
*,Twisterボーンを除外,排除扭转骨骼,
*,Anm Text,Anm 文本,
*,Output Data to a JSON file,将数据输出到 JSON 文件,
*,位置,位置,
*,Loop,循环,
*,回転,旋转,
*,拡縮,缩放,
*,Tangents,切向,
*,既にあるアニメーションを削除,移除现有动画,
*,フレーム開始・終了位置を調整,设置帧范围,
*,Set Framerate,设置帧率,
*,Change the scene's render settings to 60 fps,将场景渲染设置更改为 60 fps,
*,読み込むアニメーション情報,要加载的动画数据,
*,これはカスタムメイド3D2のモーションファイルではありません,这不是一个 CM3D2 动画文件,
*,Unexpected first channel id = {id} (should be 1).,第一个通道 ID 异常：{id}（应为 1）,
*,Found the following tangent values:,找到以下切线值：,
*,Found the above tangent values.,已找到上述切线值,
*,Found {count} large tangents. Blender animation may not interpolate properly. See log for more info.,发现 {count} 个过大的切线。Blender 动画可能无法正确插值。详见日志,
*,Found the following unknown channel IDs:,找到以下未知通道 ID：,
*,Found the above unknown channel IDs.,已找到上述未知通道 ID,
*,Found {count} unknown channel IDs. Blender animation may be missing some keyframes. See log for more info.,发现 {count} 个未知通道 ID。Blender 动画可能缺少某些关键帧。详见日志,
*,"f1 = {float1}, f2 = {float2}","f1 = {float1}, f2 = {float2}",
*,id = {id},id = {id},
*,Unknown channel id {num},未知通道 ID {num},
# cm3d2_data.py
*,mateファイルではありません。ヘッダ:{},.mate 文件头无效：{},
*,Materialプロパティに未知の設定値タイプ({prop})が見つかりました。,在材质中发现未知设置值 “{prop}”！,
# common.py
*,CNV_SelectorItem,CNV_SelectorItem,
*,Filter 0,过滤器 0,
*,Filter 1,过滤器 1,
*,Filter 2,过滤器 2,
*,Filter 3,过滤器 3,
*,Prefered,首选,
*,Value,值,
*,CNV_UL_generic_selector,CNV_UL_generic_selector,
# mate_export.py
Operator,mateとして保存,导出 mate,
*,表示しているマテリアルをmateファイルとして保存します,将材质导出为单独的 .mate 文件,
*,名前1,名称 1,
*,名前2,名称 2,
*,表示しているテキストデータをmateファイルとして保存します,这将允许你把文本编辑器中的任意文本保存为 .mate 文件,
*,mateファイルの出力に失敗、中止します。 構文を見直して下さい。,导出 .mate 文件失败。操作已取消。请检查你的材质。,
# mate_import.py
Operator,mateを開く,导入 mate,
*,mateファイルをマテリアルとして開きます,将 .mate 文件导入为材质,
*,mateファイルをテキストとして開きます,将 .mate 文件作为文本导入到文本编辑器,
*,現在のテキストに上書き,覆盖文本编辑器中的当前文本,
*,mateファイルのインポートを中止します。,这不是一个 CM3D2 .mate 文件,
*,上書きする為のテキストデータが見つかりません,未找到用于覆盖的文本数据,
# menu_OBJECT_PT_cm3d2_menu.py
Operator,Align Attach Point to Selected,将附着点对齐到选中项,
*,Align the active CM3D2Menu's active attach point to the first other selected object,将当前 CM3D2 menu 的活动附着点与第一个选定的对象对齐,
Operator,Align Selected to Attach Point,将选中项对齐到附着点,
*,Align other selected objects to the active object's active CM3D2 attach point,将其他选中的对象对齐到当前对象的活动 CM3D2 挂载点,
Operator,Add Command,添加命令,
*,Adds a new CM3D2MenuCommand to the active CM3D2Menu,向当前 CM3D2 Menu 添加一条新命令,
*,String,字符串,
*,Type,类型,
*,End,结束,
*,Menu Name,菜单名称,
*,Menu Category,菜单类别,
*,Menu Description,菜单描述,
*,Priority,优先级,
*,Folder,文件夹,
*,Icon (Small),图标（小）,
*,Icon (Large),图标（大）,
*,Unused,未使用,
*,Item Version,项目版本,
*,Item Category,项目类别,
*,Item Category Number,项目类别编号,
*,Item,条目,
*,Item Conditions,项目条件,
*,Item If,项目 If,
*,Item Parameters,项目参数,
*,Item Half Off,项目半价,
*,Item Resource Reference,项目资源参考,
*,Set,设置,
*,Set Name,设置名称,
*,Set Slot Item,设置槽位项目,
*,Add Item,添加项目,
*,Unset Item,取消设置项目,
*,Disable Item Floor,禁用项目 Floor,
*,Mask Item,遮罩项目,
*,Delete Item,删除项目,
*,Node Hide,节点隐藏,
*,Node Display,节点显示,
*,Parts-Node Hide,部分-节点隐藏,
*,Parts-Node Display,部分-节点显示,
*,Color,颜色,
*,Man Color,男性颜色,
*,Color-Set,颜色-设置,
*,Texture,纹理,
*,Texture Change,纹理更改,
*,Texture Multiplication,纹理乘算,
*,Texture Composition,纹理合成,
*,Texture Set Composition,纹理设置合成,
*,Material Change,材质更改,
*,Material Properties,材质属性,
*,Shader,着色器,
*,Face Blend-Set,脸部混合-设置,
*,Face Parameter-Set,脸部参数-设置,
*,Profile Comment Type,配置注释类型,
*,Bone Morph,骨骼形变,
*,Hair Length,毛发长度,
*,Animation,动画,
*,Animation (Material),动画 (材质),
*,Parameter 2,参数 2,
*,Set String,设置字符串,
*,Decorative,装饰,
*,addattribute,添加属性,
*,Custom,自定义,
*,Some other manually entered miscillaneous command,其他手动输入的杂项命令,
Operator,Move Command,移动命令,
*,Moves the active CM3D2MenuCommand up/down in the list,在列表中上移/下移活动的 CM3D2 Menu 命令,
*,Direction,方向,
*,Up,向上,
*,Move the active CM3D2MenuCommand up in the list,在列表中上移活动的 CM3D2 Menu 命令,
*,Down,向下,
*,Move the active CM3D2MenuCommand down in the list,在列表中下移活动的 CM3D2 Menu 命令,
Operator,Remove Command,移除命令,
*,Removes the active CM3D2MenuCommand from the active CM3D2Menu,从活动 CM3D2 Menu 中移除活动的 CM3D2 Menu 命令,
Operator,Export CM3D2 Menu File,导出 CM3D2 Menu 文件,
*,Writes the active CM3D2Menu to a .menu file,将活动 CM3D2 Menu 写入 .menu 文件,
*,Backup,备份,
*,Will backup overwritten files.,将为被覆盖的文件创建备份。,
Operator,Import CM3D2 Menu File,导入 CM3D2 菜单文件,
*,Open a .menu file,打开 .menu 文件,
Operator,Add Parameter,添加参数,
*,Adds a new CM3D2MenuParam to the active CM3D2MenuCommand,向当前 Menu 命令添加一个新参数,
Operator,Move Parameter,移动参数,
*,Moves the active CM3D2MenuParameter up/down in the list,在列表中上移/下移当前 Menu 命令参数,
Operator,Remove Parameter,移除参数,
*,Removes the active CM3D2MenuParam from the active CM3D2MenuCommand,从当前 Menu 命令中移除该参数,
*,CM3D2 Menu,CM3D2 Menu,
*,Successfully exported to .menu file,已成功导出为 .menu 文件,
# menu_file.py
*,Command,命令,
*,The command of this menu file command-chunk,此 Menu 文件命令块的命令,
*,Location,位置,
*,Location of the attatchment relative to the base bone,相对于基础骨骼的附着位置,
*,Point Name,点名称,
*,Name of the slot to define the attatchment point for,用于定义附着点的槽位名称,
*,Rotation,旋转,
*,Rotation of the attatchment relative to the base bone,相对于基础骨骼的附着旋转,
*,Parameters,参数,
*,Search,搜索,
*,Search for suggestions,搜索建议,
*,Property Name,属性名,
*,Name of the property to set on load,加载时要设置的属性名称,
*,Property Value,属性值,
*,Value of the property to set on load,加载时要设置的属性值,
*,Slot Name,槽位名称,
*,Active Command Index,活动命令索引,
*,Category,类别,
*,Commands,命令,
*,Description,描述,
*,Path,路径,
*,Version,版本,
*,CM3D2 Menu (.menu),CM3D2 菜单 (.menu),
*,Error {gerund} {bl_idname}: ,{gerund} {bl_idname} 时出错：,
# misc_DATA_PT_context_arm.py
Operator,ボーン名をCM3D2用→Blender用に変換,将骨骼名称从 CM3D2 格式转换为 Blender 格式,
*,CM3D2で使われてるボーン名をBlenderで左右対称編集できるように変換します,将 CM3D2 使用的骨骼名称转换为适用于 Blender 镜像编辑的格式,
Operator,ボーン名をBlender用→CM3D2用に変換,将骨骼名称从 Blender 格式转换为 CM3D2 格式,
*,CM3D2で使われてるボーン名に元に戻します,还原为 CM3D2 使用的骨骼名称,
Operator,Add CM3D2 Body Sliders,添加 CM3D2 身体滑块,
*,Adds drivers to armature to enable body sliders.,为骨架添加驱动器，以启用身体滑块。,
*,Drive Shape Keys,驱动器形态键,
*,Connect sliders to mesh children's shape keys,将滑块连接到网格子对象的形态键,
*,Fix Thigh,修正大腿,
*,Fix twist bone values for the thighs in motor-cycle pose,修正摩托车姿势下大腿扭转骨骼的数值,
Operator,Add CM3D2 Twist Bones,添加 CM3D2 扭转骨骼,
*,Adds drivers to armature to automatically set twist-bone positions.,为骨架添加驱动器，以自动设置扭转骨骼的位置。,
Operator,Cleanup Scale Bones,清理缩放骨骼,
*,Remove scale bones from the active armature object,从活动骨架对象中移除缩放骨骼,
*,Keep bones with children,保留带有子级的骨骼,
*,Will not remove scale bones that have children (for custom scale bones),不会移除带有子级的缩放骨骼（用于自定义缩放骨骼）,
Operator,Save CM3D2 Body Sliders to Menu,将 CM3D2 身体滑块保存到菜单,
*,Overwrite Existing,覆盖现有内容,
*,Body Sliders,身体滑块,
*,CM3D2 Sliders,CM3D2 滑块,
*,Wide Sliders,宽滑块,
*,Size of arms,手臂大小,
*,Breast size,胸部大小,
*,Leg length,腿部长度,
*,Belly,腹部,
*,Size of face (left to right),脸部大小（左右）,
*,Size of face (up and down),脸部大小（上下）,
*,Length of neck,颈部长度,
*,munel shapekey value,munel 形态键值,
*,munes shapekey value,munes 形态键值,
*,Breast sagging level,胸部下垂程度,
*,Position of the nipple,乳头位置,
*,Direction of breast,胸部方向,
*,Leg thickness,腿部粗细,
*,Leg definition,腿部线条,
*,Length of arms,手臂长度,
*,Shoulder width,肩宽,
*,Hip,臀部,
*,Height,高度,
*,Waist,腰部,
*,Calf Scale,小腿缩放,
*,Clavicle Position,锁骨位置,
*,Clavicle Scale,锁骨缩放,
*,Forearm Scale,前臂缩放,
*,Foot Scale,脚部缩放,
*,Hand Scale,手缩放,
*,Hips Position,臀部位置,
*,Hips Scale,臀部缩放,
*,Shoulders Scale,肩部缩放,
*,Rear Thigh Position,后大腿位置,
*,Rear Thigh Scale,后大腿缩放,
*,Thigh Position,大腿位置,
*,Thigh Scale,大腿缩放,
*,Breasts Position,胸部位置,
*,Breasts Scale,胸部缩放,
*,Breasts Sub-Position,胸部子-位置,
*,Breasts Sub-Scale,胸部子-缩放,
*,Neck Position,颈部位置,
*,Neck Scale,颈部缩放,
*,Pelvis Scale,骨盆缩放,
*,Upper Abdomen Position,上腹部位置,
*,Upper Abdomen Scale,上腹部缩放,
*,Upper Torso Scale,上躯干缩放,
*,Upper Chest Position,上胸部位置,
*,Upper Chest Scale,上胸部缩放,
*,Lower Chest Position,下胸部位置,
*,Lower Chest Scale,下胸部缩放,
*,Skirt Position,裙摆位置,
*,Skirt Scale,裙摆缩放,
*,Lower Abdomen Position,下腹部位置,
*,Lower Abdomen Scale,下腹部缩放,
*,Knee Position,膝部位置,
*,Legs Position,腿部位置,
*,Legs Scale,腿部缩放,
*,Knee Scale,膝部缩放,
*,Upper Arm Scale,上手臂缩放,
*,Empty,空,
*,This property never has a value,此属性永远没有值,
*,Enable All,启用全部,
*,"Enable all sliders, even ones without a GUI in-game",启用所有滑块，包括游戏中没有 GUI 的滑块,
*,ボーン情報,骨骼信息,
*,Armature Operators,骨架操作,
Operator,Connect Twist Bones,连接扭转骨骼,
Operator,Original,原始,
Operator,Pose data,姿势数据,
Operator,Swap Prime Field,交换参考字段,
*,Weight,权重,
*,Bust,胸围,
*,Cup,罩杯,
Operator,Connect Sliders,连接滑块,
*,Face Width,脸部宽度,
*,Face Height,脸部高度,
*,Leg Length,腿部长度,
*,Breast Size,胸部大小,
*,Breast Sag,胸部下垂,
*,Breast Pitch,胸部俯仰,
*,Breast Yaw,胸部左右,
*,Shoulders,肩部,
*,Arm Size,手臂大小,
*,Arm Length,手臂长度,
*,Neck Length,颈部长度,
*,Leg Fat,腿部脂肪,
*,Leg Meat,腿部肉感,
*,Enable All Sliders,启用全部滑块,
*,Successfully saved properties to menu file data in Properties > Object Tab > CM3D2 Menu File,"已成功将属性保存到""属性 > 对象选项卡 > CM3D2 Menu 文件""的菜单文件数据中",
*,ボーン名変換,转换骨骼名称,
*,ボーン名をBlender用に変換しました,骨骼名称已成功转换为 Blender 格式,
*,ボーン名をCM3D2用に戻しました,骨骼名称已成功转换回 CM3D2 格式,
*,Any existing data will be overwritten,现有数据将被覆盖,
*,Generated in blender using body sliders,由 Blender 中的身体滑块生成,
*,Position,位置,
*,Body,身体,
*,属性追加,添加属性,
*,クリックしても選択状態にしない,点击时不设为选中状态,
# misc_DATA_PT_modifiers.py
Operator,モディファイア強制適用,强制应用修改器,
*,シェイプキーのあるメッシュのモディファイアでも強制的に適用します,如果网格有形态键，将强制应用修改器,
*,Active Modifier,活动修改器,
*,Apply Renderer-Visible Modifiers,应用渲染器可见的修改器,
*,Apply Viewport-Visible Modifiers,应用视口可见的修改器,
*,Progress,进度,
*,Ensure shape key values are not changed,确保形态键数值不会改变,
*,CNV_UL_modifier_selector,CNV_UL_modifier_selector,
*,force_values,force_values,
*,Renderer,渲染器,
*,Only enable modifiers visible in renderer,仅启用在渲染器中可见的修改器,
*,Reverse Visible Filter,反转可见性过滤器,
*,Reverse the selected visible-in filter,反转所选可见性过滤器,
*,Viewport,视口,
*,Only enable modifiers visible in viewport,仅启用在视口中可见的修改器,
*,Visible in:,可见于：,
*,適用するモディファイア,应用,
*,適用対象のモディファイアがないため、キャンセルします,没有可应用的修改器，因此取消,
*,ミラー等が原因で頂点数が変わっているためシェイプキーを格納できません、中止するのでCtrl+Z等で元に戻し修正してください。,由于镜像等操作导致顶点数量发生变化，无法保存形态键。请使用 Ctrl + Z 或其他方式撤销。,
*,"Could not apply '{}' modifier \{}\"" to shapekey {}""","无法将修改器 '{}' \{}\"" 应用于形态键 {}""",
*,Vertex groups are not in blender naming style. Mirror modifier results may not be as expected,顶点组名称不是 Blender 风格，镜像修改器的结果可能不符合预期,
*,"Could not apply '{type}' modifier \{name}\""""","无法应用修改器 '{type}' \{name}\""""",
*,"Could not apply '{mod_type}' modifier \{mod_name}\""""","无法应用修改器 '{mod_type}' \{mod_name}\""""",
*,"Error applying '{type}' modifier \{name}\"":	""","应用修改器 '{type}' \{name}\"" 时出错：",
*,"Could not apply '{mod_type}' modifier \{mod_name}\"":	""","无法应用修改器 '{mod_type}' \{mod_name}\""：",
# misc_DATA_PT_vertex_groups.py
Operator,頂点グループ名をCM3D2用→Blender用に変換,将顶点组名称从 CM3D2 格式转换为 Blender 格式,
*,CM3D2で使われてるボーン名(頂点グループ名)をBlenderで左右対称編集できるように変換します,将 CM3D2 使用的骨骼名称（顶点组名称）转换为适用于 Blender 镜像编辑的格式,
Operator,頂点グループ名をBlender用→CM3D2用に変換,将顶点组名称从 Blender 格式转换为 CM3D2 格式,
*,CM3D2で使われてるボーン名(頂点グループ名)に戻します,还原为 CM3D2 使用的骨骼名称（顶点组名称）,
*,CM3D2用 頂点グループ名変換,CM3D2 顶点组名称转换,
*,頂点グループ名をBlender用に変換しました,顶点组名称已成功转换为 Blender 格式,
*,頂点グループ名をCM3D2用に戻しました,顶点组名称已成功还原为 CM3D2 格式,
# misc_DOPESHEET_MT_editor_menus.py
Operator,Convert to CM3D2 Interpolation,转换为 CM3D2 插值,
*,Convert keyframes to be compatible with CM3D2 Interpolation,将关键帧转换为兼容 CM3D2 插值的格式,
*,Selection Type,选择类型,
*,FCurves,FCurves,
*,KeyFrames,关键帧,
*,Keep Reports,保留报告,
*,'{interpolation}' interpolation not convertable,插值类型 “{interpolation}” 无法转换,
# misc_IMAGE_HT_header.py
*,CM3D2用: 内部パス,用于 CM3D2：内部路径,
# misc_IMAGE_PT_image_properties.py
*,内部パス,内部路径,
# misc_INFO_HT_header.py
Operator,頂点数をチェック,检查顶点数量,
*,選択メッシュがConverterで出力可能な頂点数に収まっているかをチェックします,检查导出器是否可以导出所选网格。,
*,UVが存在しないので測定できません。,没有 UV 贴图，无法计数。,
*,○ 出力可能な頂点数です、あと約{}頂点ほど余裕があります (頂点数:{}(+{}) UV分割で増加:+{}％),✓ 仍有顶点空间，你还可以再添加 {} 个顶点。（顶点：{}（+{}） UV 拆分：+{}%）,
*,× 出力できない頂点数です、あと約{}頂点減らしてください (頂点数:{}(+{}) UV分割で増加:+{}％),✗ 顶点过多；请移除 {} 个顶点。（顶点：{}（+{}） UV 拆分：+{}%）,
# misc_INFO_MT_add.py
Operator,CM3D2用の素体をインポート,导入 CM3D2 素体,
*,CM3D2関係の素体を現在のシーンにインポートします,将与 CM3D2 相关的素体导入到当前场景中。,
*,素体名,素体名,
Operator,body001,body001,
Operator,乳袋防止素体,大胸形态键素体（乳袋防止素体）,
Operator,Tスタンス素体,T-Pose 姿势素体,
Operator,Tスタンス素体 足のみ,仅腿部 T-Pose 姿势素体,
Operator,Tスタンス素体 手のみ,仅手臂 T-Pose 姿势素体,
Operator,anm出力用リグ,用于 .anm 导出的骨架,
Operator,anm出力用リグ(男),用于 .anm 导出（男性）的骨架,
# misc_INFO_MT_curve_add.py
Operator,髪の房を追加,添加一束头发,
*,アニメ調の髪の房を追加します,添加一束动漫风格的发束,
*,房の半径,半径,
*,ランダム要素の強さ,随机性,
*,中間のZ軸の高さ,中等 Z 轴高度,
Operator,髪の房,添加头发曲线,
*,ホイール:太さ変更,鼠标滚轮：更改粗细,
*,ホイールクリック:ランダム強度変更,鼠标中键：随机强度变化,
*,ZXキー:高さ変更,Z/X 键：更改高度,
*,オブジェクトモードで実行してください,请在物体模式下运行！,
# misc_INFO_MT_help.py
*,CM3D2 Converterの更新履歴,CM3D2 Converter 更新历史,
Operator,CM3D2 Converterを更新「luv」バージョン,更新 CM3D2 Converter（luv 版）,
*,GitHubから最新版のCM3D2 Converterアドオンをダウンロードし上書き更新します,将从 GitHub 下载并覆盖更新最新版 CM3D2 Converter 插件,
*,更新後にBlenderを再起動,更新后重启 Blender,
*,再起動後にコンソールを閉じる,重启后关闭控制台,
Operator,CM3D2 Converterの設定画面を開く,打开 CM3D2 Converter 设置界面,
*,CM3D2 Converterアドオンの設定画面を表示します,将在插件窗口中打开插件设置,
Operator,CM3D2 Converterの更新履歴,CM3D2 Converter 更新历史,
*,表示できるエリアが見つかりませんでした,无法打开设置窗口,
*,更新の取得に失敗しました,下载更新失败,
*,Blender-CM3D2-Converterを更新しました、再起動して下さい,Blender-CM3D2-Converter 已更新。请重启 Blender,
*,Blender-CM3D2-Converter updated,Blender-CM3D2-Converter 已完成更新,
*,{}日前,{} 天前,
*,{}時間前,{} 小时前,
*,{}分前,{} 分钟前,
*,{}秒前,{} 秒前,
# misc_MATERIAL_PT_context_material.py
Operator,マテリアルをクリップボードにコピー,复制材质到剪贴板,
*,表示しているマテリアルをテキスト形式でクリップボードにコピーします,将显示的材质以文本格式复制到剪贴板,
Operator,マテリアルを装飾,修饰材质,
*,スロット内のマテリアルを全て設定に合わせて装飾します,按你的设置修饰槽位中的所有材质,
Operator,マテリアルプロパティの詳細情報,材质属性的详细信息,
*,マテリアルプロパティの詳細情報の表示状態を切り替える,切换材质属性详细信息的显示状态,
Operator,CM3D2用マテリアルを新規作成,为 CM3D2 创建新材质,
*,Blender-CM3D2-Converterで使用できるマテリアルを新規で作成します,创建可在 Blender-CM3D2-Converter 中使用的新材质,
*,種類,类型,
*,トゥーン,卡通光照（CM3D2/Toony_Lighted）,
*,トゥーン 髪,卡通头发光照（CM3D2/Toony_Lighted_Hair）,
*,トゥーン 透過,卡通光照透明（CM3D2/Toony_Lighted_Trans）,
*,トゥーン 透過 NoZ,卡通光照透明 NoZ（CM3D2/Toony_Lighted_Trans_NoZ）,
*,トゥーン 輪郭線,卡通光照描边（CM3D2/Toony_Lighted_Outline）,
*,トゥーン 輪郭線 透過,卡通光照描边透明（CM3D2/Toony_Lighted_Outline_Trans）,
*,トゥーン 輪郭線 髪,卡通光照头发描边（CM3D2/Toony_Lighted_Hair_Outline）,
*,トゥーン無し 透過,光照透明（CM3D2/Lighted_Trans）,
*,トゥーン無し,光照（CM3D2/Lighted）,
*,発光,发光（Unlit/Texture）,
*,発光 透過,发光透明（Unlit/Transparent）,
*,モザイク,马赛克（CM3D2/Mosaic）,
*,ご主人様,主人剪影（CM3D2/Man）,
*,リアル,写实（Legacy Shaders__Diffuse）,
*,リアル 透過,写实透明（Legacy Shaders__Transparent__Diffuse）,
*,法線,法线,
Operator,COM3D2用マテリアルを新規作成,为 COM3D2 创建新材质,
*,トゥーン 透過 NoZTest,卡通光照透明 NoZTest（CM3D2/Toony_Lighted_Trans_NoZTest）,
*,トゥーン 輪郭線 Tex,卡通光照描边 Tex（CM3D2/Toony_Lighted_Outline_Tex）,
*,トゥーン Cutout,卡通光照裁剪（CM3D2/Toony_Lighted_Cutout_AtC）,
*,トゥーン無し Cutout,光照裁剪（CM3D2/Lighted_Cutout_AtC）,
Operator,クリップボードからマテリアルを貼付け,从剪贴板粘贴材质,
*,クリップボード内のテキストからマテリアル情報を上書きします,用剪贴板中的文本覆盖材质信息,
*,マテリアルの新規作成,创建新材质,
*,マテリアル名を上書きする,覆盖材质名称,
*,上書き設定,覆盖设置,
Operator,このテクスチャを見る,查看纹理,
*,このテクスチャを見る,查看此纹理,
Operator,マテリアルのセットアップ,材质设置,
*,マテリアルの各種フラグを初期化する,初始化材质的各项标志,
*,プロパティ タイプ:,属性类型：,
Operator,mateから,来自 mate,
Operator,クリップボードから,来自剪贴板,
*,クリップボードからマテリアルを貼付けました,从剪贴板粘贴材质,
*,マテリアルテキストをクリップボードにコピーしました,已将材质文本复制到剪贴板,
*,実ファイルパス:,实际文件路径：,
*,x,x,
*,y,y,
*,スケール:,缩放：,
*,{0:f},{0:f},
Operator,mateへ,导出到 .mate,
*,種類:,类型：,
*,マテリアル名,材质名称,
*,シェーダー1,着色器 1,
*,シェーダー2,着色器 2,
Operator,拡張子を省略,省略扩展名,
*,テクスチャパス:,纹理路径：,
*,簡易テクスチャ情報,简单纹理信息,
Operator,COM3D2用に変更,切换为 COM3D2 材质,
Operator,CM3D2用に変更,切换为 CM3D2 材质,
*,クリップボードへのコピーを中止します。:,已取消复制到剪贴板：,
Operator,テクスチャパスを生成,生成纹理路径,
Operator,フラグセットアップ,标志设置,
*,マテリアルプロパティ,材质属性,
*,透明度,透明度,
# misc_MESH_MT_shape_key_specials.py
Operator,シェイプキーぼかし,平滑形态键,
*,アクティブ、もしくは全てのシェイプキーをぼかします,平滑活动或全部形态键,
*,ライナー,线性,
*,スムーズ1,平滑 1,
*,スムーズ2,平滑 2,
Operator,このシェイプキーをベースに,基于此形态键,
*,アクティブなシェイプキーを他のシェイプキーのベースにします,以其他形态键为基础设置活动形态键,
*,素メッシュを調整,调整原始网格,
*,他シェイプを調整,调整其他形状,
Operator,Copy shape key values,复制形态键值,
*,Copy the shape key values from the other selected mesh,从其他选中网格复制形态键数值,
*,Apply as drivers,作为驱动器应用,
Operator,シェイプキーの変形に乗算,乘算形态键变体,
*,シェイプキーの変形に数値を乗算し、変形の強度を増減させます,将形态键变形乘以一个数值，以增强或减弱变形强度,
*,シェイプキーの拡大率です,形态键扩大率,
Operator,空間ぼかし・シェイプキー転送,高精度形态键传递,
*,アクティブなメッシュに他の選択メッシュのシェイプキーを遠いほどぼかして転送します,将其他选中网格的形态键传递到活动网格，并进一步进行平滑,
*,Bind to current source mix,绑定到当前源混合,
*,最初に全シェイプキーを削除,首先删除所有形态键,
*,変形のないシェイプキーを削除,移除无变形的形态键,
*,"Step Size (low = quality, high = speed)",步长（低 = 质量，高 = 速度）,
Operator,クイック・シェイプキー転送,快速形态键传递,
*,アクティブなメッシュに他の選択メッシュのシェイプキーを高速で転送します,快速将其他选中网格的形态键传递到活动网格,
Operator,Weighted shape key transfer,加权形态键传递,
*,"Transfers the shape keys of other selected mesh to the active mesh, using matching vertex groups as masks",将其他选中网格的形态键传递到活动网格，并使用匹配的顶点组作为遮罩,
*,Active Vertex Group,活动顶点组,
*,Range magnification,范围倍率,
*,Vertex Groups Selector,顶点组选择器,
*,Only Deform,仅变形,
*,Only show deforming vertex groups,仅显示变形顶点组,
*,Other,其他,
*,Only show non-deforming vertex groups,仅显示非变形顶点组,
*,Filter Empty,过滤空项,
*,Whether to filter empty vertex groups,是否过滤空顶点组,
*,Reverse Empty,反转空项过滤,
*,Reverse empty filtering,反转空项过滤,
*,Importance,重要性,
*,Sort groups by their average weight in the mesh,按组在网格中的平均权重排序,
*,CM3D2 Converter,CM3D2 Converter,
*,Shape key transfer canceled. Results may not be as expected. Use Undo / Ctrl Z to revert changes,形态键传递已取消。结果可能不符合预期。请使用撤销 / Ctrl Z 回退更改,
*,Press ESC to cancel shape key transfer,按 ESC 取消形态键传递,
*,len(matched) = {length},len(matched) = {length},
*,Error while preparing shapekey transfer.,准备形态键传递时出错。,
*,Error while transfering shapekeys. Results may not be as expected. Use Undo / Ctrl Z to revert changes,传递形态键时出错。结果可能不符合预期。请使用撤销 / Ctrl Z 回退更改,
*,Error while canceling shapekey transfer.,取消形态键传递时出错。,
*,Error while performing shapekey transfer.,执行形态键传递时出错。,
*,Error while finishing shapekey transfer.,完成形态键传递时出错。,
# misc_MESH_MT_vertex_group_specials.py
Operator,旧・頂点グループぼかし,平滑顶点组（旧）,
*,アクティブ、もしくは全ての頂点グループをぼかします,平滑全部顶点组或仅活动顶点组,
*,他頂点グループも調節,同时调整其他顶点组,
Operator,頂点グループに乗算,顶点组乘数,
*,頂点グループのウェイトに数値を乗算し、ウェイトの強度を増減させます,将顶点组权重乘以一个数值，以增强或减弱权重强度,
Operator,空間ぼかし・ウェイト転送,高精度顶点组传递,
*,アクティブなメッシュに他の選択メッシュの頂点グループを遠いほどぼかして転送します,将其他选中网格的顶点组传递到活动网格，并按距离进行平滑。,
*,すでにある頂点グループを削除 (ロックで保護),删除已有顶点组（锁定保护）,
Operator,頂点グループぼかし,平滑顶点组,
*,反復,迭代,
*,拡大縮小,扩大/缩小,
Operator,クイック・ウェイト転送,快速顶点组传递,
*,アクティブなメッシュに他の選択メッシュの頂点グループを高速で転送します,快速将先前选中网格的顶点组传递到活动网格。,
*,転送後にクリーンを実行,传递后清理,
*,転送後に割り当てのない頂点グループを削除,传递后删除未分配的顶点组,
*,選択頂点のみ(参照),仅选中顶点（来源）,
*,選択頂点のみ(対象),仅选中顶点（目标）,
*,参照要素,参考元素,
*,最も近い頂点,最近的顶点,
*,最も近い辺,最近的边,
*,最も近い面,最近的面,
*,投影先,投影目标,
Operator,割り当てのない頂点グループを削除,删除空顶点组,
*,どの頂点にも割り当てられていない頂点グループを全て削除します,将删除所有没有分配任何顶点的顶点组,
*,これ以下の影響は切り捨て,阈值,
*,面がひとつも存在しません、辺モードに変更します,没有面，切换到边模式,
*,辺がひとつも存在しません、頂点モードに変更します,没有边，切换到顶点模式,
*,頂点がひとつも存在しません、中止します,不存在顶点，操作中止,
# misc_OBJECT_PT_context_object.py
*,CM3D2用ボーン情報,CM3D2 骨骼信息,
# misc_OBJECT_PT_transform.py
Operator,Align to Base Bone,对齐到基础骨骼（BaseBone）,
*,Align the object to it's armature's base bone,将对象对齐到其骨架的基础骨骼（BaseBone）,
*,Bone Data Source,骨骼数据来源,
*,This will decide from where the Bone Data is gathered from.,这将决定骨骼数据从何处获取,
*,Armature,骨架,
*,Text,文本,
*,Object Data,物体数据,
*,Armature Data,骨架数据,
*,Preserve Mesh,保留网格,
*,"Align object transform, then fix mesh transform so it remains in place.",对齐对象变换，然后修正网格变换，使其保持在原位,
Operator,オブジェクトの位置を合わせる,对齐对象位置,
*,アクティブオブジェクトの中心位置を、他の選択オブジェクトの中心位置に合わせます,将活动对象的中心位置对齐到其他选中对象的中心位置,
*,Could not find 'BaseBone' in {source_name} Please add it or change source,在 {source_name} 中找不到 'BaseBone'(基础骨骼)，请添加它或更改来源,
# misc_RENDER_PT_bake.py
Operator,ベイク用の画像を作成,创建用于烘焙的图像,
*,アクティブオブジェクトに素早くベイク用の空の画像を用意します,为活动对象准备一张用于烘焙的空白图像,
*,高,高,
*,128 px,128 px,
*,256 px,256 px,
*,512 px,512 px,
*,1024 px,1024 px,
*,2048 px,2048 px,
*,4096 px,4096 px,
*,幅,宽度,
Operator,AO・ベイク,环境光遮蔽（AO）烘焙,
*,アクティブオブジェクトに素早くAOをベイクします,快速将环境光遮蔽（AO）烘焙到活动对象上,
*,処理方法,处理方式,
*,レイトレース,光线追踪,
*,近似(AAO),近似（AAO）,
*,他オブジェクトの影響を受けない,隐藏其他对象,
*,精度,精度,
Operator,膨らみ・ベイク,凸起烘焙,
*,アクティブオブジェクトに膨らんでいる部分を白くベイクします,将活动对象中凸起的部分快速烘焙为白色,
Operator,密度・ベイク,密度烘焙,
*,アクティブオブジェクトに素早く密度をベイクします,快速将密度烘焙到活动对象,
*,比較対象,比较对象,
*,パーツごと,每个部分,
Operator,擬似AO・ベイク,伪 AO 烘焙,
*,アクティブオブジェクトに素早く擬似AOをベイクします,在活动对象上快速烘焙伪 AO,
*,ブラー反復度,模糊迭代次数,
*,ブラー強度,模糊强度,
*,ハイライト角度,高光角度,
*,擬似AO角度,伪 AO 角度,
*,擬似AOのみ,伪 AO 仅,
Operator,グラデーション・ベイク,渐变烘焙,# This entry may have been malformed
*,アクティブオブジェクトに素早くグラデーションをベイクします,快速为活动对象烘焙渐变,
Operator,ヘアー・ベイク,头发烘焙,
*,アクティブオブジェクトに素早くCM3D2の髪風のテクスチャをベイクします,快速为活动对象烘焙 CM3D2 风格的头发纹理,
*,AOの精度,AO 精度,
*,光の強さ,光照强度,
*,天使の輪の強さ,光环强度,
*,髪色,头发颜色,
*,AOを使用,使用 AO,
Operator,ヘミライト・ベイク,半球灯烘焙,
*,アクティブオブジェクトに素早くヘミライトの陰をベイクします,烘焙半球灯阴影,
Operator,メッシュ縁・ベイク,网格边缘烘焙,
*,アクティブオブジェクトに素早くメッシュの縁を黒くベイクします,将网格边缘烘焙到对象上,
*,範囲,范围,
Operator,メッシュ間距離・ベイク,网格间距离烘焙,
*,アクティブオブジェクトに他オブジェクトとの距離をベイクします,在活动对象上烘焙与其他对象之间的距离,
Operator,金属・ベイク,金属烘焙,
*,アクティブオブジェクトに素早く金属風にベイクします,快速烘焙金属对象,
*,映り込み強さ,反射强度,
*,ハイライト強さ,高光强度,
Operator,白い液体・ベイク,白色液体烘焙,
*,アクティブオブジェクトに白い液体をベイクします,将白色液体烘焙到对象上,
*,テクスチャサイズ,纹理尺寸,
Operator,影・ベイク,阴影烘焙,
*,アクティブオブジェクトに素早く影をベイクします,快速为活动对象烘焙阴影,
*,影のみ,仅阴影,
*,光源の数,光源数量,
*,光源の最大角度,光源最大角度,
Operator,側面陰・ベイク,侧面阴影烘焙,
*,アクティブオブジェクトに素早く側面陰をベイクします,快速为活动对象烘焙侧面阴影,
*,二極化のぼかし,二极化模糊,
*,二極化のしきい値,二极化阈值,
*,二極化を有効,启用二极化,
Operator,UV縁・ベイク,UV 边缘烘焙,
*,アクティブオブジェクトに素早くUVの縁を黒くベイクします,快速烘焙 UV 边缘,
*,ぼかし強度,模糊强度,
*,ぼかしタイプ,模糊类型,
*,フラット,平坦,
*,テント,三角,
*,二次式,二次,
*,三次式,三次,
*,ガウシアン,高斯,
*,高速ガウシアン,快速高斯,
*,Catrom,Catrom,
*,Mitch,Mitch,
*,余白を透過,留白透明,
*,正規化,规范化,
*,CM3D2用ベイク,CM3D2 烘焙,
Operator,新規画像,新建图像,
Operator,AO (重),AO（重）,
Operator,擬似AO,伪 AO,
Operator,ヘミライト,半球灯,
Operator,影 (重),阴影（重）,
Operator,側面陰,侧面阴影,
Operator,グラデーション,渐变,
Operator,UV縁,UV 边缘,
Operator,メッシュ縁,网格边缘,
Operator,密度,密度,
Operator,膨らみ,凸起,
Operator,メッシュ間距離,网格间距离,
Operator,金属,金属,
Operator,髪,头发,
Operator,白い液体,白色液体,
*,新規画像設定,新建图像设置,
*,AO設定,AO 设置,
*,擬似AO設定,伪 AO 设置,
*,ヘミライト設定,半球灯设置,
*,光源設定,光源设置,
*,しきい値,阈值,
*,ぼかし,模糊,
*,金属設定,金属设置,
*,ヘアー設定,头发设置,
*,縁設定,边缘设置,
# misc_RENDER_PT_render.py
Operator,CM3D2メニュー用のアイコンをレンダリング,渲染 CM3D2 风格图标,
*,CM3D2内のアイコン画像に使用できそうな画像をレンダリングします,渲染一个与官方图标非常相似的小图标,
*,背景色,背景色,
*,カメラ角度,相机角度,
*,カメラ移動,相机移动,
*,隅を丸める,圆角,
*,重ねる画像,叠加图像,
*,線の色,线条颜色,
*,線の太さ,描边粗细,
*,面のテクスチャで,使用面纹理 ,
*,今のマテリアルで,使用当前材质,
*,解像度,分辨率,
*,背景を使用,使用背景,
*,輪郭線を描画,绘制描边,
*,ズーム倍率,缩放倍率,
*,テクスチャ参照方法,纹理引用方式,
*,輪郭線,轮廓线,# This emtry may have been malformed
# misc_TEXTURE_PT_context_texture.py
*,値リスト,值列表,
*,toon tex 選択,选择 Toon tex,
*,テクスチャの画像を同フォルダにtexとして保存します,将纹理图像作为 tex 文件保存到同一文件夹,
Operator,テクスチャを探す,查找纹理,
*,指定の画像をUV/画像エディターに表示します,在 UV/图像编辑器中显示指定图像,
Operator,色設定値を自動設定,自动设置颜色参数值,
*,色関係の設定値をテクスチャの色情報から自動で設定します,根据纹理颜色信息自动设置颜色相关参数值,
*,全てが対象,全部应用,
*,彩度の乗算値,饱和度乘数,
*,明度の乗算値,亮度乘数,
Operator,イメージの再読込み,重新加载图像,
*,実ファイルパスの設定から、再読込み,从实际文件路径重新读取,
Operator,テクスチャのオフセットをリセット,重置纹理偏移,
*,"テクスチャのオフセットに初期値(0, 0)を設定します","将纹理偏移重置为初始值 (0, 0)",
Operator,テクスチャのスケールをリセット,重置纹理缩放,
*,"テクスチャのスケールに初期値(1, 1)を設定します","将纹理缩放重置为初始值 (1, 1)",
Operator,CM3D2パスを設定,设置 CM3D2 路径,
*,texタイプのCM3D2パスを自動設定します,自动设置 tex 类型的 CM3D2 路径,
Operator,色設定値を設定,设置颜色参数值,
*,色タイプの設定値を設定します,设置颜色类型的参数值,
Operator,トゥーンを選択,选择 Toon 纹理,
*,CM3D2にデフォルトで入っているトゥーンテクスチャを選択できます,可选择 CM3D2 默认内置的 Toon 纹理,
Operator,設定値を設定,设置参数值,
*,floatタイプの設定値を設定します,设置 float 类型的参数值,
Operator,イメージ名から拡張子を除外,从图像名中排除扩展名,
*,texタイプのイメージ名から拡張子を除外します,从 tex 类型图像名中排除扩展名,
Operator,設定をプレビューに同期,同步设置到预览,
*,設定値をテクスチャのプレビューに適用してわかりやすくします,将设置值应用到纹理预览，便于查看,
*,設定値タイプ:,设置值类型：,
*,設定値名,设置值名称,
*,ノード({})のテクスチャを再設定しました。filepath={},已重新设置节点 ({}) 的纹理。filepath={},
*,対象のイメージが見つかりません={},未找到目标图像={},
*,同フォルダにtexとして保存しました。,已作为 tex 保存到同一文件夹。,
*,指定された画像が見つかりません,找不到指定图像,
*,画像を表示できるエリアが見つかりませんでした,找不到可显示图像的区域,
*,見つかりませんでした,未找到,
*,テクスチャノードが見つからないため、スキップしました。,由于未找到纹理节点，已跳过。,
*,対象のノードが見つかりません={},未找到目标节点={},
*,イメージの取得に失敗しました。{},获取图像失败。{},
*,テクスチャファイルを読み込みました。file={},已加载纹理文件。file={},
*,テクスチャ名:,纹理名：,
*,テクスチャパス,纹理路径,
*,拡大/縮小:,放大/缩小：,
*,テクスチャファイルが見つかりませんでした。file={},找不到纹理文件。file={},
*,イメージが設定されていません。,未设置图像,
Operator,Disabled,禁用,
Operator,Never,从不,
Operator,Less ,小于,
Operator,Equal,等于,
Operator,LessEqual,小于等于,
Operator,Greater,大于,
Operator,NotEqual,不等于,
Operator,GreaterEqual,大于等于,
Operator,Always,总是,
# misc_TEXT_HT_header.py
Operator,テキストのボーン情報をコピー,复制骨骼文本信息,
*,テキストのボーン情報をカスタムプロパティへ貼付ける形にしてクリップボードにコピーします,将骨骼信息转换为可用于自定义属性的格式，并复制到剪贴板,
Operator,テキストのボーン情報を貼付け,粘贴骨骼文本信息,
*,クリップボード内のボーン情報をテキストデータに貼付けます,将剪贴板中的骨骼信息粘贴到文本数据中,
Operator,マテリアル情報テキストを全削除,删除所有材质数据,
*,CM3D2で使用できるマテリアルテキストを全て削除します,删除所有可在 CM3D2 中使用的材质文本数据,
*,使用する分は保管,保留已使用材质,
Operator,テキストを表示,显示文本,
*,指定したテキストをこの領域に表示します,在此区域显示指定文本,
*,テキスト名,文本名称,
*,CM3D2用:,用于 CM3D2：,
Operator,BoneData ({})Operator,骨骼数据BoneData ({})操作,
Operator,LocalBoneData ({})Operator,局部骨骼数据LocalBoneData ({})操作,
# misc_VIEW3D_MT_edit_mesh_specials.py
Operator,選択面の描画順を最前面に,先绘制此对象,
*,選択中の面の描画順を最も前面/背面に並び替えます,将当前选中面的绘制顺序重新排列到前面/后面,
*,最背面,最后面,
Operator,選択面の描画順を最背面に,将选中面的渲染顺序设为最后,
# misc_VIEW3D_MT_pose_apply.py
Operator,現在のポーズで素体化,按当前姿势生成素体,
*,現在のポーズで衣装をモデリングしやすくする素体を作成します,将根据当前姿势创建一个便于进行服装建模的素体,
*,関係するメッシュのアーマチュアを適用,应用相关网格的骨架修改器,
*,アーマチュア適用は体積を維持,应用骨架时维持体积,
*,Keep Original,保留原有,
*,"If the armature is already primed, don't replace the base pose with the current rest pose",如果骨架已经设置了参考姿态（Primed），不要用当前的静止姿态（Rest Pose）替换基础姿态,
*,Ensure shape key values of child mesh objects are not changed,确保子级网格对象的形态键数值不被改变,
*,Swap Prime Field,交换参考字段（Swap Prime Field）,
Operator,Copy Prime Field,复制参考字段（Copy Prime Field）,
*,Copies the visual pose of the selected object to the prime field of the active object,将所选对象的视觉姿态（Visual Pose）复制到活动对象的参考字段中,
*,Apply Prime,应用参考姿态（Apply Prime）,
*,Key Location,位置关键帧,
*,Key Rotation,旋转关键帧,
*,Key Scale,缩放关键帧,
# misc_VIEW3D_PT_tools_weightpaint.py
Operator,選択部の頂点グループをぼかす,平滑所选部分的顶点组,
*,選択メッシュの頂点グループの割り当てをぼかします,平滑所选网格中选中部分的顶点组权重。,
*,ウェイトをぼかす回数,权重平滑次数,
*,ぼかしモード,平滑模式,
*,通常・ぼかし,常规平滑,
*,増加・拡張,增加/扩张,
*,減少・縮小,减少/收缩,
*,ウェイトをぼかす範囲倍率,权重平滑范围倍率,
*,ウェイト数を4つに制限,将权重数限制为 4 个,
*,選択をぼかす分割精度,选区平滑精度,
*,選択をぼかす範囲倍率,选区平滑范围倍率,
*,リニア,线性,
*,スムーズ,平滑,
*,対象頂点グループ,目标顶点组,
Operator,選択部の頂点グループに四則演算,对所选部分的顶点组执行四则运算,
*,選択メッシュの頂点グループの割り当てに四則演算を施します,对所选网格中顶点组的权重分配执行四则运算,
*,四則演算モード,四则运算模式,
*,加算,相加,
*,減算,相减,
*,乗算,相乘,
*,除算,相除,
*,頂点選択モード,顶点选择模式,
Operator,選択部をぼかす,平滑选中部分,
Operator,選択部に四則演算,对选中部分执行四则运算,
*,選択をぼかす,平滑选区,
*,範囲 | 辺の長さの平均×,范围 | 边长平均值 ×,
*,精度 (分割数),精度（分割数）,
*,頂点グループをぼかす,平滑顶点组,
*,対象グループ,目标组,
*,実行回数,执行次数,
*,四則演算,四则运算,
*,0で除算することはできません、中止します,不能除以零，操作中止,
# model_export.py
*,カスタムメイド3D2のmodelファイルを書き出します,以 CM3D2 .model 格式导出网格,
*,基点ボーン名,基础骨骼（BaseBone）,
*,ボーン情報元,骨骼数据来源,
*,modelファイルに必要なボーン情報をどこから引っ張ってくるか選びます,导出时骨骼数据的来源,
*,オブジェクト内プロパティ,物体数据,
*,接空間情報出力,导出切线,
*,"接空間情報(binormals, tangents)を出力する",将数据导出到 JSON 文件,
*,Align to Base Bone,对齐到基础骨骼（BaseBone）,
*,Align the object to it's base bone,将对象对齐到其基础骨骼（BaseBone）,
*,データ名の連番を削除,删除重复名称编号,
*,「○○.001」のような連番が付属したデータ名からこれらを削除します,这将删除附加在重复名称后的数字，例如 [xxx.001],
*,バッチモード,分批模式,
*,モードの切替やエラー個所の選択を行いません,不切换模式，也不选择错误的位置,
*,ウェイトの合計を1.0に,规范化顶点权重,
*,クリーンな頂点グループ,清理顶点组,
*,重みがゼロの場合、頂点グループから頂点を削除します,当权重为 0 时，从顶点组中移除顶点,
*,頂点グループ名をCM3D2用に変換,将顶点组名称转换为 CM3D2 格式,
*,全ての頂点グループ名をCM3D2で使える名前にしてからエクスポートします,导出前将所有顶点组名称改为 CM3D2 可用的格式,
*,四角面を三角面に,将四边面转为三角面,
*,,将非三角面三角化,
*,ウェイトの合四角ポリゴンを三角ポリゴンに変換してから出力します、元のメッシュには影響ありません計を1.0に,规范化权重,
*,4つのウェイトの合計値が1.0になるように正規化します,将 4 个权重的总和规范化为 1.0,
*,マテリアル情報元,材质信息来源,
*,modelファイルに必要なマテリアル情報をどこから引っ張ってくるか選びます,选择 model 文件所需的材质信息从何处获取,
*,model名,模型名称,
*,model version 2001 (available only for com3d2),模型版本 2001（仅适用于 COM3D2）,
*,model version 2000 (com3d2 version),模型版本 2000（COM3D2 版本）,
*,model version 1000 (available for cm3d2/com3d2),模型版本 1000（适用于 CM3D2/COM3D2）,
*,メッシュオプション,网格选项,
*,modelのエクスポートが完了しました。{:.2f} 秒 file={},model 导出完成。用时 {:.2f} 秒，file={},
*,ウェイトが割り当てられていない頂点が見つかりました、中止します,发现存在未分配权重的顶点，操作中止,
*,ウェイトの合計が1.0を超えている頂点が見つかりました。正規化してください。超過している頂点の数:{},发现 {} 个顶点的权重总和大于 1.0。请先规范化权重。,
*,ウェイトの合計が1.0未満の頂点が見つかりました。正規化してください。不足している頂点の数:{},发现 {} 个顶点的权重总和小于 1.0。请先规范化权重。,
*,4つを超える頂点グループにある頂点が見つかりました。頂点グループをクリーンアップしてください。不足している頂点の数:{},发现有顶点被分配到了超过 4 个顶点组。请先清理顶点组。此类顶点数：{},
*,頂点が割り当てられていない{num}つのローカルボーンが見つかりました。 詳細については、ログを参照してください。,发现 {num} 个未分配任何顶点的局部骨骼。详见日志。,
*,頂点数がまだ多いです (現在{}頂点)。あと{}頂点以上減らしてください、中止します,顶点过多（{} 个顶点）。请移除 {} 个顶点。操作中止,
*,{}個のオブジェクトをマージしました,已合并 {} 个对象,
*,Could not find whether bone with index {index} was used. See console for more info.,无法确定索引为 {index} 的骨骼是否被使用。详见控制台,
*,Unexpected: used_local_bone[{key}] == {value} when len(used_local_bone) == {length},异常：当 len(used_local_bone) == {length} 时，used_local_bone[{key}] == {value},
# model_import.py
*,カスタムメイド3D2のmodelファイルを読み込みます,导入 CM3D2 的 model 文件,
*,アーマチュア生成,生成骨架,
*,ウェイトを編集する時に役立つアーマチュアを読み込みます,导入一个便于编辑权重的骨架,
*,不要なボーンを削除,删除不必要的骨骼,
*,ウェイトが無いボーンを削除します,删除没有权重的骨骼,
*,アーマチュアのカスタムプロパティ,骨架的自定义属性,
*,アーマチュアデータのカスタムプロパティにボーン情報を埋め込みます,将骨骼信息嵌入到骨架数据的自定义属性中,
*,オブジェクトのカスタムプロパティ,对象的自定义属性,
*,メッシュオブジェクトのカスタムプロパティにボーン情報を埋め込みます,将骨骼信息嵌入到网格对象的自定义属性中,
*,ボーン情報をテキストとして読み込みます,以文本形式读取骨骼信息,
*,頂点グループ名をBlender用に変換,将顶点组名称转换为 Blender 格式,
*,全ての頂点グループ名をBlenderの左右対称編集で使えるように変換してから読み込みます,读取前将所有顶点组名称转换为便于在 Blender 中进行镜像编辑的格式,
*,Use Custom Bones,使用自定义骨骼,
*,Use the currently selected object for custom bone shapes.,使用当前所选对象作为自定义骨骼形状,
*,テキストにマテリアル情報埋め込み,将材质信息嵌入到文本中,
*,シェーダー情報をテキストに埋め込みます,将着色器信息嵌入到文本中,
*,メッシュ生成,生成网格,
*,ポリゴンを読み込みます、大抵の場合オンでOKです,读取多边形，通常保持开启即可,
*,重複頂点を結合,合并重复顶点,
*,UVの切れ目でポリゴンが分かれている仕様なので、インポート時にくっつけます,由于此格式会在 UV 接缝处拆分多边形，因此导入时会将其合并回来,
*,全ての頂点に割り当てのない頂点グループを削除します,删除没有分配到任何顶点的顶点组,
*,シームをつける,标记缝合边,
*,UVの切れ目にシームをつけます,在 UV 接缝处标记缝合边,
*,Mark Sharp,标记锐边,
*,This will mark removed doubles on your mesh as sharp (or all free edges if not removing doubles).,这将把网格中移除重复点的位置标记为锐边（如果不移除重复点，则标记所有自由边）,
*,頂点グループを名前順ソート,按名称排序顶点组,
*,頂点グループを名前順でソートします,按名称对顶点组进行排序,
*,テクスチャキャッシュを再構成,重建纹理缓存,
*,texファイルを探す際、キャッシュを再構成します,查找 tex 文件时重建缓存,
*,メッシュ,网格,
*,頂点グループ,顶点组,
*,ボーン名をBlender用に変換,将骨骼名称转换为 Blender 格式,
*,Use Selected as Bone Shape,将所选对象用作骨骼形状,
*,ボーン情報埋め込み場所,骨骼信息嵌入位置,
*,modelのインポートが完了しました ({} {}/ {:.2f} 秒),model 导入完成（{} {} / {:.2f} 秒）,
*,これはカスタムメイド3D2のモデルファイルではありません,这不是 CM3D2 的 model 文件,
*,mate count: {num} of {count},mate 数量：{num} / {count},
*,material count: {num} of {count},材质数量：{num} / {count},
# tex_export.py
Operator,texファイルを保存,保存为 .tex,
*,CM3D2で使用されるテクスチャファイル(.tex)として保存します,将当前图像保存为 CM3D2 使用的纹理文件（.tex）。,
*,パス,路径,
*,COM3D2 1.13 or later,COM3D2 1.13 或更高版本,
*,CM3D2 1.49 ～ or COM3D2,CM3D2 1.49 及以上版本或 COM3D2,
*,旧フォーマット,旧格式,
*,texファイルを出力しました。,tex 文件已导出：,
*,texファイルの出力に失敗しました。{},导出 .tex 文件失败。{},
# tex_import.py
Operator,texファイルを開く,打开 tex 文件,
*,CM3D2で使用されるテクスチャファイル(.tex)を読み込みます,读取 CM3D2 使用的纹理文件（.tex）,
*,展開方法,展开方式,
*,内部にパックする,打包到内部,
*,PNGに変換してPNGを開く,转换为 PNG 并打开,
*,texファイルのヘッダが正しくありません。,tex 文件的文件头不正确,
*,未対応フォーマットのtexです。format=,不支持的 tex 格式。format=,
# translations.py
Operator,Dump Py Messages,导出 Python 消息,
*,Dump the CM3D2 Converter's messages for CSV translation,导出 CM3D2 Converter 的消息以供 CSV 翻译,
*,Do Checks,执行检查,
*,Do Reports,生成报告,
*,Language,语言,
*,Portuguese (Português),葡萄牙语 (Português),
*,Korean (한국 언어),韩语 (한국 언어),
*,Polish (Polski),波兰语 (Polski),
*,Bulgarian (Български),保加利亚语 (Български),
*,Uzbek Cyrillic (Ўзбек),乌兹别克语西里尔文 (Ўзбек),
*,Greek (Ελληνικά),希腊语 (Ελληνικά),
*,Turkish (Türkçe),土耳其语 (Türkçe),
*,German (Deutsch),德语 (Deutsch),
*,Vietnamese (tiếng Việt),越南语 (tiếng Việt),
*,Romanian (Român),罗马尼亚语 (Român),
*,Finnish (Suomi),芬兰语 (Suomi),
*,Spanish (Español),西班牙语 (Español),
*,Ukrainian (Український),乌克兰语 (Український),
*,Amharic (አማርኛ),阿姆哈拉语 (አማርኛ),
*,Traditional Chinese (繁體中文),繁体中文 (繁體中文),
*,Italian (Italiano),意大利语 (Italiano),
*,Automatic (Automatic),自动 (自动),
*,Swedish (Svenska),瑞典语 (Svenska),
*,Basque (Euskara),巴斯克语 (Euskara),
*,Esperanto (Esperanto),世界语 (Esperanto),
*,Serbian Latin (Srpski latinica),塞尔维亚语拉丁文 (Srpski latinica),
*,Estonian (Eestlane),爱沙尼亚语 (Eestlane),
*,English (English),英语 (English),
*,Arabic (ﺔﻴﺑﺮﻌﻟﺍ),阿拉伯语 (ﺔﻴﺑﺮﻌﻟﺍ),
*,Czech (Český),捷克语 (Český),
*,Simplified Chinese (简体中文),简体中文 (简体中文),
*,Spanish from Spain (Español de España),西班牙西班牙语 (Español de España),
*,French (Français),法语 (Français),
*,Hebrew (תירִבְעִ),希伯来语 (תירִבְעִ),
*,Catalan (Català),加泰罗尼亚语 (Català),
*,Serbian (Српски),塞尔维亚语 (Српски),
*,Thai (ภาษาไทย),泰语 (ภาษาไทย),
*,Hungarian (Magyar),匈牙利语 (Magyar),
*,Hausa (Hausa),豪萨语 (Hausa),
*,Kazakh (қазақша),哈萨克语 (қазақша),
*,Hindi (मानक हिन्दी),印地语 (मानक हिन्दी),
*,Japanese (日本語),日语 (日本語),
*,Russian (Русский),俄语 (Русский),
*,Brazilian Portuguese (Português do Brasil),巴西葡萄牙语 (Português do Brasil),
*,Abkhaz (Аԥсуа бызшәа),阿布哈兹语 (Аԥсуа бызшәа),
*,Slovak (Slovenčina),斯洛伐克语 (Slovenčina),
*,Indonesian (Bahasa indonesia),印度尼西亚语 (Bahasa indonesia),
*,Uzbek (Oʻzbek),乌兹别克语 (Oʻzbek),
*,Persian (ﯽﺳﺭﺎﻓ),波斯语 (ﯽﺳﺭﺎﻓ),
*,Kyrgyz (Кыргыз тили),吉尔吉斯语 (Кыргыз тили),
*,Croatian (Hrvatski),克罗地亚语 (Hrvatski),
*,Nepali (नेपाली),尼泊尔语 (नेपाली),
*,Dutch (Nederlandse taal),荷兰语 (Nederlandse taal),
*,Only Foreign,仅外语,
*,Only Missing,仅缺失项,
# shared
*,倍率,缩放,# FROM <__init__.py & anm_export.py & model_export.py & anm_import.py & model_import.py & misc_MESH_MT_shape_key_specials.py & misc_MESH_MT_vertex_group_specials.py>
*,Show Bones in Front,骨骼显示在前方,# FROM <__init__.py & model_import.py>
Operator,CM3D2モーション (.anm),CM3D2 动画 (.anm),# FROM <anm_export.py & anm_import.py>
*,アーマチュア,骨架,# FROM <anm_export.py & model_export.py & model_import.py>
*,アーマチュア内プロパティ,骨架内属性,# FROM <anm_export.py & model_export.py>
*,ファイルをバックアップ,备份文件,# FROM <anm_export.py & model_export.py & tex_export.py & mate_export.py & mate_export.py>
*,ファイルに上書きする場合にバックアップファイルを複製します,覆盖文件时会复制一份备份文件,# FROM <anm_export.py & model_export.py & tex_export.py & mate_export.py & mate_export.py>
*,エクスポート時のメッシュ等の拡大率です,导出时网格等的缩放比例,# FROM <anm_export.py & model_export.py>
*,ファイルバージョン,文件版本,# FROM <anm_export.py & model_export.py & tex_export.py & mate_export.py & mate_export.py>
*,ファイルを開くのに失敗しました、アクセス不可かファイルが存在しません。file={},打开文件失败。文件不存在或无法访问。file={},# FROM <anm_export.py & anm_import.py & mate_export.py & mate_export.py & mate_import.py & mate_import.py & model_export.py & model_import.py & tex_import.py>
*,インポート時のメッシュ等の拡大率です,导入时网格等的缩放比例,# FROM <anm_import.py & model_import.py>
*,Reverse Name,反转名称,# FROM <common.py & misc_DATA_PT_modifiers.py & misc_MESH_MT_shape_key_specials.py>
*,Reverse name filtering,反转名称过滤,# FROM <common.py & misc_DATA_PT_modifiers.py & misc_MESH_MT_shape_key_specials.py>
*,Order by Invert,反转顺序,# FROM <common.py & misc_DATA_PT_modifiers.py & misc_MESH_MT_shape_key_specials.py>
*,Invert the sort by order,反转排序顺序,# FROM <common.py & misc_DATA_PT_modifiers.py & misc_MESH_MT_shape_key_specials.py>
*,Sort groups by their name (case-insensitive),按组名称排序（不区分大小写）,# FROM <common.py & misc_DATA_PT_modifiers.py & misc_MESH_MT_shape_key_specials.py>
*,Order by:,排序依据：,# FROM <common.py & misc_MESH_MT_shape_key_specials.py>
*,マテリアル情報の貼付けを中止します。,已取消粘贴材质信息,# FROM <mate_export.py & misc_MATERIAL_PT_context_material.py> FROM <mate_export.py & misc_MATERIAL_PT_context_material.py>
*,テクスチャを探す,查找纹理,# FROM <mate_import.py & misc_MATERIAL_PT_context_material.py>
*,Scale,缩放,# FROM <menu_OBJECT_PT_cm3d2_menu.py & menu_OBJECT_PT_cm3d2_menu.py & misc_DATA_PT_context_arm.py & misc_DATA_PT_context_arm.py & misc_OBJECT_PT_transform.py & misc_DATA_PT_context_arm.py & misc_DATA_PT_context_arm.py & misc_DATA_PT_context_arm.py & misc_DATA_PT_context_arm.py>
*,The amount by which the mesh is scaled when imported. Recommended that you use the same when at the time of export.,导入时网格的缩放比例。建议和导出时使用相同的值,# FROM <menu_OBJECT_PT_cm3d2_menu.py & menu_OBJECT_PT_cm3d2_menu.py & misc_DATA_PT_context_arm.py & misc_DATA_PT_context_arm.py & misc_OBJECT_PT_transform.py & misc_DATA_PT_context_arm.py & misc_DATA_PT_context_arm.py & misc_DATA_PT_context_arm.py>
*,description,描述,# FROM <menu_OBJECT_PT_cm3d2_menu.py & menu_file.py>
*,Icon,图标,# FROM <menu_OBJECT_PT_cm3d2_menu.py & common.py>
*,Property,属性,# FROM <menu_OBJECT_PT_cm3d2_menu.py & menu_file.py>
*,Attach Point,附着点,# FROM <menu_OBJECT_PT_cm3d2_menu.py & menu_file.py>
*,Index,索引,# FROM <menu_file.py & menu_file.py & menu_file.py & common.py>
*,Name,名称,# FROM <menu_file.py & menu_file.py & menu_file.py & common.py & menu_file.py & menu_file.py & common.py & misc_DATA_PT_modifiers.py & misc_MESH_MT_shape_key_specials.py>
Operator,ボーン情報をコピー,复制骨骼信息,# FROM <misc_DATA_PT_context_arm.py & misc_OBJECT_PT_context_object.py>
*,カスタムプロパティのボーン情報をクリップボードにコピーします,将自定义属性中的骨骼信息复制到剪贴板,# FROM <misc_DATA_PT_context_arm.py & misc_OBJECT_PT_context_object.py>
Operator,ボーン情報を貼付け,粘贴骨骼数据,# FROM <misc_DATA_PT_context_arm.py & misc_OBJECT_PT_context_object.py>
*,カスタムプロパティのボーン情報をクリップボードから貼付けます,将剪贴板中的骨骼信息粘贴到自定义属性,# FROM <misc_DATA_PT_context_arm.py & misc_OBJECT_PT_context_object.py>
Operator,ボーン情報を削除,移除骨骼数据,# FROM <misc_DATA_PT_context_arm.py & misc_OBJECT_PT_context_object.py>
*,カスタムプロパティのボーン情報を全て削除します,从骨架的自定义属性中移除所有骨骼数据,# FROM <misc_DATA_PT_context_arm.py & misc_OBJECT_PT_context_object.py & misc_DATA_PT_context_arm.py & misc_OBJECT_PT_context_object.py> FROM <misc_DATA_PT_context_arm.py & misc_OBJECT_PT_context_object.py>
Operator,コピー,复制,# FROM <misc_DATA_PT_context_arm.py & misc_MATERIAL_PT_context_material.py & misc_MATERIAL_PT_context_material.py & misc_OBJECT_PT_context_object.py>
Operator,貼付け,粘贴,# FROM <misc_DATA_PT_context_arm.py & misc_MATERIAL_PT_context_material.py & misc_MATERIAL_PT_context_material.py & misc_OBJECT_PT_context_object.py>
*,ボーン情報をクリップボードにコピーしました,骨骼数据已复制,# FROM <misc_DATA_PT_context_arm.py & misc_OBJECT_PT_context_object.py & misc_TEXT_HT_header.py>
*,ボーン情報をクリップボードから貼付けました,骨骼数据已粘贴,# FROM <misc_DATA_PT_context_arm.py & misc_OBJECT_PT_context_object.py & misc_TEXT_HT_header.py>
*,ボーン情報を削除しました,骨骼数据已移除,# FROM <misc_DATA_PT_context_arm.py & misc_OBJECT_PT_context_object.py>
*,CM3D2用,用于 CM3D2,# FROM <misc_DATA_PT_context_arm.py & misc_DATA_PT_context_arm.py & misc_DATA_PT_context_arm.py & misc_IMAGE_PT_image_properties.py & misc_MATERIAL_PT_context_material.py & misc_MATERIAL_PT_context_material.py & misc_TEXTURE_PT_context_texture.py>
Operator,CM3D2 → Blender,CM3D2 → Blender,# FROM <misc_DATA_PT_context_arm.py & misc_DATA_PT_vertex_groups.py>
Operator,Blender → CM3D2,Blender → CM3D2,# FROM <misc_DATA_PT_context_arm.py & misc_DATA_PT_vertex_groups.py>
*,変換できる名前が見つかりませんでした,未找到可转换的名称。操作中止,# FROM <misc_DATA_PT_context_arm.py & misc_DATA_PT_context_arm.py & misc_DATA_PT_vertex_groups.py & misc_DATA_PT_vertex_groups.py>
*,Preserve Shape Key Values,保留形态键数值,# FROM <misc_DATA_PT_modifiers.py & misc_VIEW3D_MT_pose_apply.py>
*,Show filters,显示过滤器,# FROM <misc_DATA_PT_modifiers.py & misc_MESH_MT_shape_key_specials.py>
*,Only Selected,仅选中,# FROM <misc_DOPESHEET_MT_editor_menus.py & misc_DOPESHEET_MT_editor_menus.py & misc_VIEW3D_MT_pose_apply.py>
*,CM3D2,CM3D2,# FROM <misc_INFO_MT_add.py & misc_MATERIAL_PT_context_material.py>
*,テクスチャ名,纹理名称,# FROM <misc_MATERIAL_PT_context_material.py & misc_TEXTURE_PT_context_texture.py & misc_TEXTURE_PT_context_texture.py>
*,テクスチャ,纹理,# FROM <misc_MATERIAL_PT_context_material.py & misc_TEXTURE_PT_context_texture.py>
*,オフセット:,偏移:,# FROM <misc_MATERIAL_PT_context_material.py & misc_TEXTURE_PT_context_texture.py>
*,解説,描述,# FROM <misc_MATERIAL_PT_context_material.py & misc_MATERIAL_PT_context_material.py & misc_MATERIAL_PT_context_material.py & misc_TEXTURE_PT_context_texture.py>
*,色の透明度,Alpha,# FROM <misc_MATERIAL_PT_context_material.py & misc_TEXTURE_PT_context_texture.py>
*,正確な値: ,精确值：,# FROM <misc_MATERIAL_PT_context_material.py & misc_TEXTURE_PT_context_texture.py>
Operator,自動設定,自动设置,# FROM <misc_MATERIAL_PT_context_material.py & misc_TEXTURE_PT_context_texture.py>
*,ぼかし効果,平滑效果,# FROM <misc_MESH_MT_shape_key_specials.py & misc_MESH_MT_vertex_group_specials.py>
*,増減両方,增减两者,# FROM <misc_MESH_MT_shape_key_specials.py & misc_MESH_MT_vertex_group_specials.py>
*,増加のみ,仅增加,# FROM <misc_MESH_MT_shape_key_specials.py & misc_MESH_MT_vertex_group_specials.py>
*,減少のみ,仅减少,# FROM <misc_MESH_MT_shape_key_specials.py & misc_MESH_MT_vertex_group_specials.py>
*,範囲倍率,范围倍率,# FROM <misc_MESH_MT_shape_key_specials.py & misc_MESH_MT_vertex_group_specials.py & misc_MESH_MT_shape_key_specials.py & misc_MESH_MT_vertex_group_specials.py>
*,強さ,强度,# FROM <misc_MESH_MT_shape_key_specials.py & misc_MESH_MT_vertex_group_specials.py & misc_MESH_MT_vertex_group_specials.py>
*,対象,目标,# FROM <misc_MESH_MT_shape_key_specials.py & misc_MESH_MT_vertex_group_specials.py & misc_MESH_MT_shape_key_specials.py & misc_MESH_MT_vertex_group_specials.py & misc_MESH_MT_vertex_group_specials.py>
*,アクティブより上,活动项以上,# FROM <misc_MESH_MT_shape_key_specials.py & misc_MESH_MT_vertex_group_specials.py & misc_MESH_MT_shape_key_specials.py & misc_MESH_MT_vertex_group_specials.py>
*,アクティブより下,活动项以下,# FROM <misc_MESH_MT_shape_key_specials.py & misc_MESH_MT_vertex_group_specials.py & misc_MESH_MT_shape_key_specials.py & misc_MESH_MT_vertex_group_specials.py>
*,参照元の分割,源对象细分,# FROM <misc_MESH_MT_shape_key_specials.py & misc_MESH_MT_vertex_group_specials.py & misc_MESH_MT_shape_key_specials.py & misc_MESH_MT_shape_key_specials.py>
*,{:.2f} Seconds,{:.2f} 秒,# FROM <misc_MESH_MT_shape_key_specials.py & misc_MESH_MT_shape_key_specials.py & misc_MESH_MT_vertex_group_specials.py>
*,色,颜色,# FROM <misc_RENDER_PT_bake.py & misc_RENDER_PT_bake.py & misc_TEXTURE_PT_context_texture.py & misc_MATERIAL_PT_context_material.py & misc_TEXTURE_PT_context_texture.py> FROM <misc_MATERIAL_PT_context_material.py & misc_TEXTURE_PT_context_texture.py>
*,モード,模式,# FROM <misc_RENDER_PT_render.py & misc_VIEW3D_PT_tools_weightpaint.py & misc_VIEW3D_PT_tools_weightpaint.py>
Operator,texで保存,另存为 .tex,# FROM <misc_TEXTURE_PT_context_texture.py & misc_MATERIAL_PT_context_material.py & misc_TEXTURE_PT_context_texture.py>
*,NodeName,节点名称,# FROM <misc_TEXTURE_PT_context_texture.py & misc_TEXTURE_PT_context_texture.py & misc_MATERIAL_PT_context_material.py & misc_TEXTURE_PT_context_texture.py & misc_TEXTURE_PT_context_texture.py & misc_TEXTURE_PT_context_texture.py & misc_TEXTURE_PT_context_texture.py & misc_TEXTURE_PT_context_texture.py & misc_TEXTURE_PT_context_texture.py & misc_TEXTURE_PT_context_texture.py & misc_TEXTURE_PT_context_texture.py>
*,CM3D2本体のインストールフォルダからtexファイルを探して開きます,从 CM3D2 本体的安装文件夹中查找并打开 tex 文件,# FROM <misc_TEXTURE_PT_context_texture.py & mate_import.py & misc_MATERIAL_PT_context_material.py>
Operator,画像を表示,显示图像,# FROM <misc_TEXTURE_PT_context_texture.py & misc_MATERIAL_PT_context_material.py & misc_TEXTURE_PT_context_texture.py>
*,画像名,图像名称,# FROM <misc_TEXTURE_PT_context_texture.py & misc_RENDER_PT_bake.py & misc_RENDER_PT_bake.py & misc_RENDER_PT_bake.py & misc_RENDER_PT_bake.py & misc_RENDER_PT_bake.py & misc_RENDER_PT_bake.py & misc_RENDER_PT_bake.py & misc_RENDER_PT_bake.py & misc_RENDER_PT_bake.py & misc_RENDER_PT_bake.py & misc_RENDER_PT_bake.py & misc_RENDER_PT_bake.py & misc_RENDER_PT_bake.py & misc_RENDER_PT_bake.py & misc_RENDER_PT_bake.py>
*,減衰タイプ,衰减类型,# FROM <misc_VIEW3D_PT_tools_weightpaint.py & misc_VIEW3D_PT_tools_weightpaint.py & misc_MESH_MT_shape_key_specials.py>
*,全て,全部,# FROM <misc_VIEW3D_PT_tools_weightpaint.py & misc_MESH_MT_shape_key_specials.py & misc_MESH_MT_vertex_group_specials.py & misc_MESH_MT_shape_key_specials.py & misc_MESH_MT_vertex_group_specials.py & misc_MESH_MT_vertex_group_specials.py & misc_RENDER_PT_bake.py>
*,アクティブのみ,仅活动项,# FROM <misc_VIEW3D_PT_tools_weightpaint.py & misc_VIEW3D_PT_tools_weightpaint.py & misc_MESH_MT_shape_key_specials.py & misc_MESH_MT_vertex_group_specials.py & misc_MESH_MT_shape_key_specials.py & misc_MESH_MT_vertex_group_specials.py & misc_MESH_MT_vertex_group_specials.py>
*,値,值,# FROM <misc_VIEW3D_PT_tools_weightpaint.py & misc_MATERIAL_PT_context_material.py & misc_MATERIAL_PT_context_material.py & misc_MATERIAL_PT_context_material.py & misc_TEXTURE_PT_context_texture.py & misc_TEXTURE_PT_context_texture.py & misc_VIEW3D_PT_tools_weightpaint.py> FROM <misc_MATERIAL_PT_context_material.py & misc_MATERIAL_PT_context_material.py & misc_MATERIAL_PT_context_material.py & misc_TEXTURE_PT_context_texture.py & misc_TEXTURE_PT_context_texture.py & misc_VIEW3D_PT_tools_weightpaint.py>
Operator,CM3D2モデル (.model),CM3D2 模型 (.model),# FROM <model_export.py & model_import.py>
*,テキスト,文本,# FROM <model_export.py & model_export.py & model_import.py>
*,マテリアル,材质,# FROM <model_export.py & model_import.py>
*,種類に合わせてマテリアルを装飾,按类型修饰材质,# FROM <model_import.py & mate_import.py & misc_MATERIAL_PT_context_material.py & misc_MATERIAL_PT_context_material.py & misc_MATERIAL_PT_context_material.py>
*,割り当てのない頂点グループを削除,移除未分配顶点的顶点组,# FROM <model_import.py & misc_MESH_MT_vertex_group_specials.py>
